{"root":[{"assemblyName":"Fusion.Realtime","nameSpace":"Fusion.Photon.Realtime","className":"ConnectionHandler","methodName":"StaticReset","loadTypes":4,"isUnityClass":false},{"assemblyName":"Fusion.Runtime","nameSpace":"Fusion","className":"NetworkRunner","methodName":"ResetAllSimulationStatics","loadTypes":4,"isUnityClass":false},{"assemblyName":"Fusion.Runtime","nameSpace":"Fusion","className":"NetworkRunnerUpdaterDefault","methodName":"ClearStatics","loadTypes":0,"isUnityClass":false},{"assemblyName":"Fusion.Unity","nameSpace":"Fusion","className":"FusionLogInitializer","methodName":"Initialize","loadTypes":0,"isUnityClass":false},{"assemblyName":"Fusion.Unity","nameSpace":"Fusion","className":"FusionRuntimeCheck","methodName":"RuntimeCheck","loadTypes":1,"isUnityClass":false},{"assemblyName":"Fusion.Unity","nameSpace":"Fusion","className":"NetworkRunnerVisibilityExtensions","methodName":"ResetAllSimulationStatics","loadTypes":4,"isUnityClass":false},{"assemblyName":"Fusion.Unity","nameSpace":"Fusion","className":"FusionBasicBillboard","methodName":"ResetStatics","loadTypes":4,"isUnityClass":false},{"assemblyName":"Fusion.Unity","nameSpace":"Fusion","className":"NetworkSceneManagerDefault","methodName":"ClearStatics","loadTypes":4,"isUnityClass":false},{"assemblyName":"Unity.2D.Animation.Runtime","nameSpace":"","className":"$BurstDirectCallInitializer","methodName":"Initialize","loadTypes":2,"isUnityClass":true},{"assemblyName":"Unity.2D.SpriteShape.Runtime","nameSpace":"","className":"$BurstDirectCallInitializer","methodName":"Initialize","loadTypes":2,"isUnityClass":true},{"assemblyName":"Unity.Collections","nameSpace":"","className":"$BurstDirectCallInitializer","methodName":"Initialize","loadTypes":2,"isUnityClass":true},{"assemblyName":"Unity.RenderPipelines.Core.Runtime","nameSpace":"UnityEngine.Experimental.Rendering","className":"XRSystem","methodName":"XRSystemInit","loadTypes":3,"isUnityClass":true},{"assemblyName":"Unity.RenderPipelines.Core.Runtime","nameSpace":"UnityEngine.Rendering","className":"DebugUpdater","methodName":"RuntimeInit","loadTypes":0,"isUnityClass":true},{"assemblyName":"Unity.VisualScripting.Core","nameSpace":"Unity.VisualScripting","className":"RuntimeVSUsageUtility","methodName":"RuntimeInitializeOnLoadBeforeSceneLoad","loadTypes":1,"isUnityClass":true}]}
